Time Since Last Purchase,Total Number of Orders,Purchase Frequency,Number of Website Visits,Number of Items Viewed,Gender,Age,Geographical Location,Churn,Total Spend
311,7,2.655876584520357,2,27,Other,36,Tennessee,0,926.605249311029
116,10,1.372866059416887,33,78,Other,26,Nevada,0,1394.714257942527
42,6,3.9698010388882,12,15,Female,27,North Dakota,1,804.7644150473872
58,4,3.0102046662471795,18,77,Female,25,Wyoming,0,1073.5556194626363
184,7,2.1901890696360287,18,43,Other,38,Idaho,0,1138.5444228803547
286,16,3.225736524032648,7,50,Female,27,Wisconsin,0,1329.5444565863663
349,14,2.182102271185318,5,32,Female,28,South Dakota,0,1170.5519378405884
239,10,2.606892190560675,34,52,Other,39,Hawaii,0,1489.9450502823292
69,10,2.085181381346289,11,42,Male,37,West Virginia,0,1317.5160521923765
291,11,0.2196874925168681,17,95,Female,33,Rhode Island,0,1514.8356019628743
60,7,1.924624814449346,11,61,Other,30,Tennessee,0,1089.1363674945792
238,1,1.3482809188174134,31,70,Other,30,New Jersey,0,930.1231159569347
194,11,1.109419468252672,56,73,Other,26,Massachusetts,0,1658.9627138685114
216,14,4.780852732530597,18,47,Female,38,Tennessee,0,1454.8113472932253
112,4,2.2245180602780144,40,93,Male,28,Indiana,0,1273.8368651813585
136,17,1.4638173388742397,17,94,Other,32,Illinois,0,1846.1180392251786
269,7,1.1279408625022105,11,14,Female,29,Idaho,0,856.7736082820709
239,9,1.4986914983913613,18,51,Other,29,Washington,0,1122.2160235964295
152,10,0.2488807327483324,24,78,Female,26,Maine,0,1428.4286269885456
13,14,3.02474451047046,13,29,Female,33,Wisconsin,1,1253.2649556519978
228,10,3.5058994330706086,4,16,Other,36,Colorado,0,1044.9043382040136
350,6,1.587696763427305,22,83,Other,28,Oklahoma,0,1263.818101728953
137,18,4.2248355244821845,2,5,Female,38,Louisiana,0,1365.6386491723667
106,14,3.082501867415972,13,37,Female,38,Vermont,0,1405.3047445213424
355,11,2.62717732026972,27,38,Male,27,Connecticut,0,1346.4865628402665
360,12,3.148135429505435,16,40,Female,34,Arizona,0,1314.7886738790562
310,5,0.8219016435853892,12,91,Other,33,New Mexico,0,1102.2494685951835
83,14,0.1667371831541005,2,2,Other,35,Rhode Island,0,1121.7540199332723
223,3,1.212554183729752,54,92,Male,26,Ohio,0,1353.8383810631701
251,19,1.4394149389427695,4,45,Other,31,Virginia,0,1547.949569020496
82,18,4.216652168146383,19,34,Other,39,Indiana,0,1640.768813169043
226,19,1.5502408293509486,2,2,Other,34,Montana,0,1281.2573385807284
83,17,1.978744870960237,20,26,Male,30,Missouri,0,1454.555088102134
320,10,3.141435303415048,30,67,Female,25,Texas,0,1341.695715986252
171,8,4.751678512900509,1,9,Other,27,Oklahoma,0,728.6237901116522
239,17,4.725567554047469,17,23,Male,33,Alabama,0,1417.3995644421589
270,2,4.753420939465665,4,5,Other,29,Idaho,0,460.99361480458754
138,11,0.9855138115801958,23,31,Female,30,Texas,0,1140.6922335231914
357,5,1.139376484324138,23,34,Female,36,Hawaii,0,972.8760594869951
238,3,4.226332058920995,8,30,Other,34,Virginia,0,701.2380235996732
110,15,3.117110595954668,1,6,Female,30,Oklahoma,0,1170.9170092234376
183,10,0.5703924534753695,3,35,Male,38,Wyoming,0,1109.6601742443133
197,19,1.3658970892283473,15,15,Male,28,Pennsylvania,0,1492.6552820771878
116,1,1.2882062699342394,8,33,Male,35,New Jersey,0,583.7925773691807
300,16,1.9984634877221048,17,45,Female,39,Colorado,0,1583.1831987106675
299,8,1.6429159508345057,47,83,Female,38,Michigan,0,1681.3114502234869
348,6,0.3333332529456902,4,38,Male,34,Iowa,0,847.3167290727351
342,10,0.7938032138341058,42,57,Male,37,Virginia,0,1574.3123695765971
292,6,0.8230714660866892,7,82,Male,27,Mississippi,0,1129.836204449814
354,4,3.087240166767537,35,94,Male,38,Kentucky,0,1389.6730838260762
39,13,4.659867903039259,5,20,Male,33,Vermont,1,1137.082946640982
228,18,2.5291759055680867,6,59,Other,31,Texas,0,1607.3982532759715
136,2,1.0665487045871531,10,12,Female,35,Massachusetts,0,519.0147100452118
303,10,3.6666790644730143,11,22,Other,33,Utah,0,1026.4085326002178
104,13,2.8257963123924297,3,41,Female,34,Nebraska,0,1178.6296272720174
310,10,4.8869829252029975,6,24,Male,34,Wisconsin,0,1027.2853117619748
185,14,4.311859369619694,3,34,Other,34,Arkansas,0,1246.7899192366672
191,1,1.9420095854016068,53,97,Male,39,Pennsylvania,0,1417.101481413956
331,14,3.9392299817812,37,69,Female,27,Kansas,0,1668.787572062422
308,2,1.9086443576940224,7,34,Male,28,Arizona,0,677.1992543877925
284,3,1.6902673735527254,68,72,Female,30,North Carolina,0,1474.8540029134656
253,2,0.898995748962835,21,27,Female,26,Idaho,0,705.1297769256835
245,9,2.648455844702845,45,59,Female,35,Arkansas,0,1682.859715347202
184,4,1.247812412232644,40,52,Male,25,Nebraska,0,1076.5759116193385
320,7,1.0752819817228163,14,67,Other,36,Rhode Island,0,1172.8443413265918
277,6,1.345223594468488,14,81,Female,25,Missouri,0,1049.0114409124985
338,1,2.690683570756488,50,76,Other,38,Wisconsin,0,1221.5900854999543
121,4,2.470799798261292,18,37,Male,28,Michigan,0,762.0122807737583
196,5,2.7652522639365515,3,5,Female,25,Louisiana,0,571.8309980657252
29,9,1.8366704294365528,24,34,Other,31,Wisconsin,0,1181.9569730202766
194,19,1.4630098113029482,24,42,Male,30,South Dakota,0,1638.7631026110982
92,11,2.7199736134165624,10,59,Male,33,Missouri,0,1279.2320480673602
212,11,4.34613234375246,13,72,Female,31,Indiana,0,1367.490248401225
115,3,2.7860919623215645,10,37,Female,28,Nebraska,0,620.5000718909795
160,3,3.5861126607415272,15,16,Female,29,Alaska,0,617.832796918451
177,6,1.0458997059889568,15,17,Other,28,Oregon,0,761.7979165723052
5,14,0.2002546198248573,9,17,Other,26,Louisiana,0,1107.5285420087457
258,7,0.9356082813140368,60,60,Other,29,Missouri,0,1694.2554543994295
121,11,3.3851390591604265,18,91,Other,25,Kansas,0,1505.1910177839097
174,6,3.0032190712830515,21,23,Female,27,New York,0,899.0931434066512
228,4,1.4229948340987837,69,97,Male,36,Alabama,0,1775.694017844485
267,5,0.6959138560232283,40,79,Male,26,Florida,0,1338.7797670377495
72,16,2.837533918221112,14,33,Female,31,Delaware,0,1392.8800139195362
60,17,0.797109862582225,13,57,Other,27,Utah,0,1558.3059811486396
67,12,3.5915748335982065,5,49,Other,27,Michigan,0,1173.2631805743724
242,19,1.2447049701932906,52,68,Male,25,North Dakota,0,2124.541069029262
75,4,1.9326888655591463,7,72,Other,34,Rhode Island,0,959.6254902034586
76,14,0.172971706418842,24,28,Female,30,Virginia,0,1323.42612375389
257,2,2.8935172874344315,68,78,Male,28,Utah,0,1438.9184433324422
174,8,4.078854929712004,23,81,Other,28,Tennessee,0,1288.324470941804
343,3,1.3847288435818113,7,16,Other,34,South Carolina,0,640.7439517763657
345,8,1.453627954415,3,19,Other,38,Delaware,0,954.6738014204757
146,6,2.1385297038816464,49,70,Other,27,Indiana,0,1337.1194152210014
351,19,2.81366406397317,18,41,Male,38,Wisconsin,0,1662.0648453393783
251,9,4.509330970914877,17,20,Other,31,Michigan,0,986.3708618356532
272,7,4.554038739248858,29,32,Female,28,North Dakota,0,1107.9387899958554
91,19,0.695345231398802,18,72,Other,32,Arizona,0,1726.6336644613652
147,4,2.469095390435111,3,69,Other,27,Louisiana,0,870.5225798152106
272,11,2.0139665108523848,62,74,Female,28,Wisconsin,0,1813.473838066018
281,18,4.448827817942856,21,50,Other,34,Nebraska,0,1698.3837784746188
157,14,2.034539695365824,7,7,Other,30,California,0,1130.360105708115
96,18,3.416531759041519,34,36,Other,28,Montana,0,1698.6091896380872
248,3,3.3897399240106103,76,78,Other,39,North Carolina,0,1703.4425753040584
201,19,1.874047909046624,35,42,Other,31,Massachusetts,0,1804.2077482273303
209,7,4.427115597870871,15,96,Female,39,Tennessee,0,1396.857714783579
89,9,1.4789816580332174,35,42,Other,26,Oregon,0,1207.388907704785
110,16,2.5216705875242797,43,89,Male,37,Illinois,0,1941.5816327645368
319,11,2.209205607190353,46,72,Other,28,Wisconsin,0,1687.9994587098142
112,18,0.6945435811432988,14,25,Other,37,Tennessee,0,1495.114448592276
91,1,1.866005775320371,11,85,Female,31,Vermont,0,838.0193420844436
113,15,0.6804925882141896,36,82,Male,39,Arizona,0,1933.0897843025966
153,12,1.1838232042464385,41,57,Female,32,South Carolina,0,1564.3647242947775
332,4,2.615306943125252,11,15,Male,30,New Hampshire,0,712.0600011459351
277,13,0.3718908499751655,28,55,Other,36,New York,0,1559.2938337684932
168,9,1.9162542899619013,29,45,Other,34,California,0,1311.0760052307148
22,12,4.266357292080175,50,61,Other,31,Nebraska,1,1659.5253037817658
200,14,1.9401753648398443,39,64,Male,36,Maine,0,1806.5696148259399
25,12,3.673646670627804,82,92,Other,38,Arizona,0,2224.2651492697432
253,5,2.49606041448542,41,61,Other,35,Rhode Island,0,1336.5258613008596
32,1,0.7851096209865935,38,57,Female,27,Nebraska,0,937.1011255120436
34,19,4.524797437962877,18,75,Female,28,Colorado,1,1793.256773909211
269,11,2.8448000407870957,10,11,Male,31,Massachusetts,0,980.6682984373048
105,3,4.023327857628551,10,15,Female,33,North Dakota,0,639.3174943477288
273,18,3.8483355457485096,19,67,Male,28,Delaware,0,1736.1683770868567
200,17,3.3196968328449725,55,61,Other,30,Mississippi,0,2006.5252254108493
325,4,3.388926284160218,5,15,Male,32,Wyoming,0,692.0821974743928
305,2,0.2157827234449332,1,23,Male,37,Maine,0,514.4909777423122
299,11,1.2093199977649662,67,93,Female,25,North Dakota,0,1917.2606103394085
49,16,0.4560500606074805,12,16,Female,35,West Virginia,0,1326.3649320430839
98,19,3.5946500022960137,23,52,Other,31,Idaho,0,1819.5527747004107
304,6,4.132836043639914,19,27,Female,39,Wisconsin,0,1007.6587717514172
9,16,3.092911085088217,26,38,Male,32,Wisconsin,1,1560.5662396691282
48,14,0.4339142807225103,5,8,Female,37,West Virginia,0,1157.4266480347492
329,19,4.234585921107958,48,82,Male,39,Nebraska,0,2181.2170798485686
52,19,4.036047104913357,11,73,Female,25,New Jersey,0,1674.8376076422285
178,11,2.936744764192148,70,91,Other,29,Maine,0,2052.2866740847276
150,8,2.7150531747607176,46,94,Other,37,Washington,0,1582.188978078908
125,18,1.748320382717978,29,92,Male,37,New Hampshire,0,2130.6474373202686
342,17,3.2370701486024824,1,2,Male,33,Mississippi,0,1145.1993264579232
58,17,1.9293329436939288,79,98,Other,32,Michigan,0,2491.6651947028317
320,5,0.5216570400981055,61,94,Other,25,Maine,0,1613.5059080493443
204,12,0.2912781267668834,57,63,Male,33,Oregon,0,1834.6721272508655
222,17,2.374159412780068,94,97,Other,26,Montana,0,2525.509471027228
130,18,2.1909664714345736,36,43,Male,36,Florida,0,1829.7843831863897
52,9,3.295105787901945,1,2,Male,35,North Carolina,1,810.8593405606358
178,2,2.969168496324684,38,93,Other,37,Maryland,0,1319.4332942342226
92,19,1.7153925460693504,5,8,Other,35,New Mexico,0,1370.663925552898
236,1,2.4044806359879183,2,2,Other,38,South Dakota,0,422.50828217032694
272,10,4.864438272365812,16,21,Male,26,Pennsylvania,0,1054.1790581114183
341,17,3.678654835410423,18,58,Male,35,Montana,0,1704.6884113737608
231,10,4.297023331971436,5,8,Male,35,Iowa,0,943.8109767380571
105,3,0.9854621149365906,36,51,Male,28,Alaska,0,949.8022186378976
3,14,1.5488107450976116,6,20,Male,32,Wisconsin,0,1105.531770463887
220,13,4.721601808566163,41,71,Female,36,Virginia,0,1791.894678925538
57,5,1.86160808854763,6,50,Other,25,Ohio,0,900.6622210387753
114,5,2.9782879816428904,64,79,Male,30,North Dakota,0,1552.4249942020483
115,13,3.982601833232251,9,35,Female,36,Wyoming,0,1305.8095221017034
241,10,1.156765205989332,8,26,Other,35,Illinois,0,1035.1659054708994
13,19,0.9122512151970976,38,58,Female,28,Utah,0,1905.5590408746275
203,5,2.085313040764541,7,54,Male,33,Ohio,0,877.4512881602132
98,2,1.004022999926792,1,60,Female,34,Montana,0,750.0477557667637
32,8,3.6346504071909416,1,39,Other,38,New Mexico,1,967.168264547943
167,19,0.499959678749995,12,14,Female,39,Hawaii,0,1511.5386159557831
88,13,0.2365706969722005,20,32,Female,36,Pennsylvania,0,1393.5238108700926
76,10,1.0401568972118416,14,33,Other,38,Tennessee,0,1208.2343133706454
329,6,2.9800546323616346,10,76,Male,27,Michigan,0,1084.9795137393576
75,9,0.5485517567649392,52,61,Male,27,South Carolina,0,1560.4471275984724
239,14,1.3109367505351834,18,66,Other,31,North Dakota,0,1482.1397383038332
180,3,2.412457757562695,10,17,Male,29,North Carolina,0,693.2151258517664
160,16,1.9989076761749551,11,12,Male,37,Tennessee,0,1296.6324318911634
248,19,3.221339407350738,7,11,Female,26,New Hampshire,0,1254.4756064153335
24,13,3.598546603335117,11,91,Male,35,Arkansas,1,1628.3647520968748
344,5,2.143375380722599,26,50,Male,34,Kansas,0,1038.406625868939
44,12,3.623989032806812,64,89,Other,30,Virginia,0,2050.816082381568
197,10,3.546036288345626,29,33,Male,39,Maryland,0,1351.847932447285
91,3,1.5316164491876945,78,96,Male,28,Maine,0,1654.6868986226032
160,8,4.751125093596382,33,67,Male,38,Ohio,0,1505.4557682920133
25,16,0.280684541691053,39,42,Male,34,Nevada,0,1800.3984660514345
63,10,3.9878104643719583,10,48,Male,38,Montana,0,1126.6513585727566
253,10,4.574761441847526,7,49,Other,38,Alabama,0,1187.0546799024528
139,17,1.0759620989863865,18,80,Female,29,Georgia,0,1772.2135399114873
271,1,0.327718978227113,74,97,Male,38,Utah,0,1610.6292455723053
207,8,3.778872783745807,7,36,Female,38,Washington,0,1047.9446639151965
215,11,3.562874994256905,14,42,Female,29,Oregon,0,1152.3513233024191
337,5,2.2215982302663964,29,47,Male,34,South Dakota,0,1156.6484153166202
231,14,4.992091644926981,67,72,Female,29,Montana,0,1993.2267485806922
21,1,4.045480151310766,4,48,Female,37,Pennsylvania,1,751.6388667951953
21,2,3.1049318802627237,36,78,Male,38,West Virginia,1,1315.9052356268362
75,19,2.5347530787587464,76,98,Female,33,Nebraska,0,2596.638037918751
20,9,1.4266596687193065,1,2,Female,27,Connecticut,0,721.6026281429307
303,13,2.3106979924404127,3,38,Other,33,Vermont,0,1136.8356168999183
61,3,3.950290615038048,10,75,Male,35,Wisconsin,1,1015.961166646453
244,8,0.7689190338508842,69,98,Male,37,New York,0,1979.0976840469616
281,10,2.2243815437107823,38,52,Other,31,Missouri,0,1383.3602490671615
301,17,4.72000444747187,8,70,Other,26,Arkansas,0,1565.8146062681074
171,5,4.674641778438571,5,8,Other,32,New Hampshire,0,563.8337570319444
138,6,1.6205972788517695,45,80,Female,33,Utah,0,1489.1601076236902
93,8,4.687792265826235,53,89,Female,39,Pennsylvania,0,1768.4356386490504
340,3,3.057958351145102,24,45,Other,33,Illinois,0,921.5714647444636
181,18,0.8566101678777839,3,5,Other,34,Wisconsin,0,1278.4471513780973
143,14,1.3431150098436777,14,69,Other,30,Alaska,0,1503.2842623285558
21,2,1.2911474722781828,34,59,Male,30,North Carolina,0,1124.2648707637788
310,18,4.392292105809478,23,68,Female,25,North Dakota,0,1672.55039248968
161,4,2.347497610621476,26,59,Male,39,Minnesota,0,1071.7005115046275
288,19,2.8324006063002987,7,38,Other,26,Alaska,0,1486.5227250272249
348,10,2.9530683378790403,7,32,Female,28,Connecticut,0,1059.5022577638103
27,12,4.163017081359512,4,8,Other,30,Mississippi,1,850.6864815554591
302,12,2.352279291704969,6,76,Other,32,New Mexico,0,1372.7967378678447
323,17,3.5781189532675324,38,95,Male,26,Oregon,0,1979.5902087614168
246,13,4.792553912791382,53,58,Male,36,North Dakota,0,1813.3710095855083
265,19,2.764047235046293,4,6,Female,28,Wisconsin,0,1292.5900713702524
207,17,1.7096407917717538,24,37,Other,25,Pennsylvania,0,1540.7083373777957
102,16,1.423148068904303,27,97,Other,25,New Jersey,0,1827.1051721182546
319,19,0.9808619742485823,29,45,Other,29,Wyoming,0,1760.2649141335398
23,15,4.655338163158572,3,4,Male,29,California,1,1135.2950769195163
240,18,2.5708364156882726,15,21,Female,36,Kentucky,0,1494.6682988444668
220,8,2.0043440553361385,8,11,Other,35,Illinois,0,959.4924571490329
271,12,3.540738571977557,13,22,Female,30,Hawaii,0,1134.812169880879
228,9,0.4119459919424784,12,44,Other,32,Florida,0,1042.9705149933607
130,2,0.2849745393453459,94,98,Other,38,Oregon,0,1862.602431826172
224,13,2.486921282318445,46,85,Female,37,Florida,0,1915.4703171872982
145,7,3.5753539860536288,59,74,Other,39,Alabama,0,1633.8758533023233
142,16,0.4777851338844632,1,1,Male,37,Illinois,0,1251.5390016991878
244,1,4.681583659796442,58,72,Female,28,Iowa,0,1283.6609987275338
239,5,0.3930254882827491,20,26,Male,27,Georgia,0,894.1883542556765
205,5,1.5878638046653073,5,6,Other,25,North Carolina,0,644.1053874414653
112,7,4.323172272709574,12,53,Male,32,Idaho,0,1088.3226196226829
10,16,0.7485746569178531,63,88,Male,33,California,0,2167.594673291022
68,3,0.4169821038569957,14,50,Male,36,Colorado,0,873.885067793896
33,13,4.9934025129793325,57,58,Male,38,Georgia,1,1858.6496689942471
330,1,2.750907172309342,68,76,Male,26,Massachusetts,0,1395.865775314795
315,16,4.037911065070669,23,51,Female,38,New Jersey,0,1669.6581097882226
283,9,4.6288814637510365,7,24,Female,25,Michigan,0,926.6522447037742
110,11,3.76967149851481,55,68,Male,26,Maine,0,1678.6061562107946
70,5,4.842367811764393,40,99,Female,27,California,0,1364.2638319678888
75,5,1.5687338226542051,1,3,Other,28,Louisiana,0,418.45019359028186
326,6,2.0586335273170624,1,10,Female,35,Rhode Island,0,659.6712410058752
203,18,4.552872123534328,18,89,Female,36,South Dakota,0,1842.2841009635597
7,17,3.044712534833511,13,29,Female,28,Oregon,1,1327.461643359875
238,5,4.771919534443974,2,41,Other,39,South Carolina,0,883.2491063739521
50,4,3.4417424563339245,8,39,Male,31,Virginia,1,763.6989386241909
116,10,0.3786639114355692,59,70,Male,30,Kansas,0,1793.4324714623851
201,14,4.015024826839037,11,34,Male,27,North Dakota,0,1280.5833830664362
60,13,4.925955713119428,16,96,Male,37,New Mexico,0,1707.6026846892264
48,9,0.3475247509587864,7,96,Female,35,Virginia,0,1309.0877554591466
199,2,0.2072239378306968,3,10,Female,31,Michigan,0,510.3367445931786
321,8,1.256799424111732,2,4,Female,34,Oregon,0,775.0038782158592
105,7,3.9121999557371594,6,7,Female,25,Idaho,0,744.3458479601625
50,11,3.388626202701148,1,8,Female,27,Nevada,1,941.4985138138711
363,8,4.425391917313277,57,62,Female,36,Florida,0,1673.6373655524214
124,9,1.8062817860502771,48,86,Female,31,Missouri,0,1659.986728560072
75,14,3.421605345581482,50,74,Female,28,New York,0,1802.8347632715845
147,18,0.3525718920745873,6,11,Other,32,Louisiana,0,1375.2208867734514
48,19,3.420716569963089,4,36,Male,27,Arizona,0,1450.487239987756
42,13,4.978617180687236,9,95,Other,37,Wyoming,1,1552.5162730636723
65,16,1.4006618876707346,11,18,Female,28,Hawaii,0,1372.5657725869844
33,19,0.299707568560679,1,9,Other,29,New Hampshire,0,1322.0506847781962
59,7,4.114450583903777,20,81,Female,31,South Dakota,0,1208.9448853300987
256,7,4.712046112959096,41,61,Other,36,Arizona,0,1401.313314762589
158,14,1.1274235668182957,10,41,Other,33,Mississippi,0,1256.4695303354752
62,14,1.4408245876616372,54,62,Female,39,Wyoming,0,1962.3281197982371
143,6,2.3732889882752164,50,80,Other,35,Texas,0,1526.7192252506616
37,17,3.69727184411462,17,18,Male,36,New Hampshire,0,1468.9299241499175
223,17,1.5369573851907457,10,82,Other,33,Texas,0,1660.323629999033
122,4,1.3504399797398892,25,32,Female,35,Louisiana,0,954.633464485885
108,1,2.727536652859514,78,79,Female,33,Rhode Island,0,1563.1346721004866
304,18,4.187601017077932,12,25,Other,33,Pennsylvania,0,1487.3834062162205
88,2,0.9349769877206284,66,80,Other,32,Pennsylvania,0,1518.8866558280165
299,18,0.799739207329268,19,56,Other,29,Mississippi,0,1680.8278486612483
177,18,3.1086911567395723,7,30,Male,34,Georgia,0,1382.4751934537198
130,14,2.724390328068901,4,43,Male,26,Alabama,0,1323.5242213214262
60,11,0.3039179273149284,13,52,Female,33,South Carolina,0,1264.8859549874683
46,12,4.479694593141756,10,49,Female,32,Vermont,1,1253.8151685177772
295,8,2.349618062547008,10,45,Other,25,Connecticut,0,986.0013355859894
234,14,4.155481270002351,1,2,Female,36,Michigan,0,1036.0365903763516
158,4,3.377225449152728,16,86,Other,27,Louisiana,0,1036.7738356563873
311,18,0.4902397193063825,4,24,Other,39,Georgia,0,1430.7990338863904
54,4,3.998837816860568,30,64,Male,33,South Dakota,1,1228.0527160711354
86,6,4.964156701785392,1,4,Male,35,New Mexico,1,705.8917781747157
163,18,4.217851887154114,51,69,Other,36,Texas,0,2074.054973883438
124,14,2.944093490597873,13,65,Male,30,California,0,1431.8240780261522
42,1,1.3368071004737874,41,93,Female,29,New Hampshire,0,1230.6466429283273
104,15,4.380717843331564,31,68,Male,36,Virginia,0,1652.1423545446808
12,19,3.199164416597121,28,51,Female,34,Wyoming,0,1822.2553906455057
59,17,0.9060555805370464,3,12,Other,38,South Dakota,0,1234.900669661658
139,7,3.5419541041846925,83,95,Female,35,New Mexico,0,2051.3908303937465
77,2,3.4733909918589148,24,33,Male,32,Louisiana,0,922.1147698673989
314,19,2.254163454602019,53,67,Female,31,New York,0,2089.4917214334046
152,15,2.508727466294196,5,6,Female,29,Illinois,0,1131.4097136229582
136,1,1.5745709180685508,62,69,Female,31,Louisiana,0,1345.7004490664983
105,9,4.814298833060757,10,26,Other,34,New York,0,1015.8343953814477
138,14,3.7535878253623194,33,48,Male,39,Vermont,0,1664.3580020742097
157,7,1.1911633096330947,4,5,Female,30,Missouri,0,771.9254097586506
38,8,2.95905760828626,1,12,Male,27,Connecticut,1,705.0772479486702
28,9,2.266188278535032,70,72,Female,25,Rhode Island,0,1755.8945598426717
138,2,4.351370732770321,38,85,Male,29,Utah,0,1108.3849434314106
250,5,3.906889367734168,19,47,Female,25,Colorado,0,880.3682702511776
307,15,3.0706792850972136,8,24,Male,29,Kentucky,0,1254.2851116818001
125,1,4.769013020886926,84,84,Male,28,Tennessee,0,1606.8564797029417
55,3,4.438489821678455,6,12,Female,28,Oklahoma,1,599.0582020389594
328,1,4.033594436697751,63,96,Female,38,Connecticut,0,1559.593672060948
238,5,1.079428100794812,9,11,Other,37,Georgia,0,841.7166295870741
22,19,1.925180531634861,1,33,Other,34,Texas,0,1380.76703288394
335,1,4.832631296291779,40,65,Male,39,New Hampshire,0,1222.5007504002292
240,7,1.669425373760263,2,99,Male,27,Utah,0,1160.925809329146
317,17,2.528547329912185,1,5,Female,39,Nebraska,0,1234.2970791776106
7,4,1.6121916965656955,48,56,Other,36,Florida,0,1262.4939586003125
101,8,3.3403283049877515,13,39,Female,34,Delaware,0,986.8086104574527
172,1,0.9376932473931362,37,77,Male,34,Georgia,0,1082.008710577371
338,4,2.4946182034008197,42,54,Other,27,Oklahoma,0,1134.2188582097456
187,8,1.0405934179507117,42,95,Other,27,Alaska,0,1585.6400267434688
135,2,2.8788405193741946,45,55,Female,25,Massachusetts,0,1076.6741997403915
50,6,3.4917789962735686,34,39,Female,35,South Dakota,0,1265.9133374187663
155,8,2.009048560296646,2,5,Female,25,Arkansas,0,765.6194915448235
72,12,3.687650749002987,24,56,Female,36,Connecticut,0,1461.878464206939
255,11,1.478716327406383,19,96,Other,33,West Virginia,0,1567.663367045363
66,1,4.685127270176047,52,72,Other,32,Wyoming,1,1314.2786726226218
81,12,1.645667904067261,10,55,Male,27,Oklahoma,0,1323.9589532809127
292,15,2.547950183751694,65,71,Other,27,Michigan,0,2044.4854353117005
198,9,2.915104552737152,7,19,Male,26,Mississippi,0,824.1909885141099
264,13,3.715252535383192,17,65,Male,32,Tennessee,0,1439.2018734648989
345,17,1.2723160150388748,90,92,Male,33,Illinois,0,2547.794738700814
76,4,4.478362211382438,27,32,Male,36,Rhode Island,1,997.2713904660372
138,10,2.118333902661908,5,23,Male,32,South Dakota,0,845.2368814049909
319,8,3.606413954135207,11,30,Other,37,Michigan,0,1060.5539072550218
122,1,1.67634335207288,29,67,Female,38,Utah,0,1067.9196541328529
351,18,1.5522424016828111,24,55,Female,27,Connecticut,0,1737.0171427254159
67,3,3.1061181570306875,6,37,Female,36,Arizona,0,731.472644170176
224,5,0.2070891214904646,3,46,Other,39,Louisiana,0,894.5067764712066
226,7,3.600219869099994,18,28,Male,36,Illinois,0,1046.444835409623
332,13,1.1147151547288452,84,94,Male,27,Iowa,0,2226.530646829298
162,12,2.500034235683589,11,44,Male,36,Indiana,0,1281.5611090395087
268,9,2.662671242118207,46,60,Female,32,Virginia,0,1513.9457727623487
215,12,0.5565278091412684,54,96,Female,36,Montana,0,1889.2247486015194
258,12,1.285447257520543,17,83,Male,27,Tennessee,0,1493.9156860085357
220,1,2.6981941805699523,58,59,Female,32,West Virginia,0,1279.166040327657
338,15,2.128801432695582,11,44,Female,39,Iowa,0,1425.9922275896345
304,5,3.237707988879035,11,72,Other,31,Missouri,0,968.5152577248947
33,7,4.142424694494854,70,77,Male,36,Virginia,0,1823.7346025700117
243,9,3.169360166473002,17,62,Female,29,New Hampshire,0,1195.9998083504477
244,3,2.9076409093579803,9,9,Female,32,North Carolina,0,554.3672974479917
343,1,3.115912141987885,8,24,Male,37,Missouri,0,625.7582955740236
240,12,3.236002003470782,71,86,Male,29,Montana,0,2083.4236691537685
287,19,2.700221075593262,21,34,Female,36,Utah,0,1670.9811172156615
250,4,1.005058436232618,17,25,Other,33,Utah,0,762.3031676471642
225,17,1.810455493612842,3,25,Male,36,Utah,0,1345.3391729413524
8,7,2.079918056310017,2,17,Male,38,Massachusetts,1,817.6450297629381
331,12,2.2418324456370238,8,9,Female,30,Washington,0,1111.8410750332475
357,13,4.373152265509293,14,37,Other,38,Indiana,0,1412.1311996269253
12,6,2.597471105396492,64,97,Female,38,Nevada,0,1770.2514399289532
56,17,0.7580180679975452,48,99,Female,35,Hawaii,0,2119.076134579233
19,17,1.1318199683546188,4,43,Female,25,Minnesota,0,1352.9157241880375
87,1,4.090650649705779,64,89,Other,39,Missouri,0,1559.6198358144138
339,13,3.582759589597519,28,63,Male,25,Maryland,0,1501.6220453284175
127,6,4.636508241982956,44,97,Male,26,Florida,0,1474.0737730680446
84,12,1.592985368330098,11,13,Female,31,Connecticut,0,1039.3087666298313
39,11,3.0095427986311813,58,81,Female,27,Maine,0,1789.695826097615
190,15,3.625620590680504,39,93,Other,27,Illinois,0,1860.6547776641187
183,2,0.670608802260949,61,79,Female,39,Oregon,0,1447.6388106656202
263,19,2.4169560762023137,37,95,Female,38,Rhode Island,0,2079.9578581539217
123,7,0.2647498087894749,10,74,Other,36,Illinois,0,1187.3180571682756
342,15,0.6753398694819542,23,99,Other,28,Ohio,0,1704.5131040421552
242,4,4.977489258684045,9,81,Female,33,North Carolina,0,1030.405564328703
269,19,1.6047552732543564,29,55,Female,25,Mississippi,0,1838.8851999450521
128,11,0.9580181322858946,28,37,Female,25,Maryland,0,1228.6758285494361
203,16,1.3595772717915533,27,27,Male,25,Arkansas,0,1453.5569725522255
293,16,3.3547205435057657,21,50,Female,30,Kansas,0,1589.733822718175
207,8,4.8831944053991245,30,46,Male,32,South Dakota,0,1204.6613525011614
70,19,1.792326767911976,43,91,Other,37,Oklahoma,0,2137.848263469995
292,15,1.9107393586204555,29,35,Other,30,Alabama,0,1542.2695895525408
77,19,1.3138531247890333,15,57,Male,34,Alabama,0,1677.1412473402365
39,11,2.324869854412973,29,54,Other,39,Georgia,0,1433.9633401658698
219,15,2.563571010186045,57,87,Male,35,Wisconsin,0,2112.5087041638044
154,18,4.641323381533734,33,62,Female,38,Oregon,0,1946.5059863402255
301,14,4.556854585294264,88,89,Female,31,Illinois,0,2388.653795512515
186,15,3.6587922540204674,25,34,Male,25,Texas,0,1412.0545438149713
192,1,1.92586088762661,39,56,Other,39,Nevada,0,1048.250747004211
360,2,1.7119115575946915,31,37,Female,37,Indiana,0,988.9045711918037
27,7,0.1263969924749489,20,70,Other,36,New York,0,1237.2840691340214
26,14,1.0041048406743078,33,84,Male,25,Texas,0,1719.9060410004527
295,16,0.92096006272312,54,80,Male,39,Louisiana,0,2148.768945932019
112,3,2.6220916194521147,67,85,Other,26,Iowa,0,1435.0004085066225
78,5,4.404826920944623,32,80,Female,30,New Mexico,0,1280.0484992005288
90,4,4.309631553682692,12,15,Male,36,Maine,0,715.1482146092125
185,9,0.1749446351564432,1,27,Female,26,Tennessee,0,793.9476419544782
274,15,1.0778074941916418,4,7,Female,39,Louisiana,0,1282.4518709911802
174,13,3.0556698683008725,9,18,Male,29,Ohio,0,1024.9474155152145
51,9,3.9522066034293775,37,43,Other,27,Kansas,0,1312.1989195912474
187,4,4.592776238830675,24,37,Female,30,Delaware,0,906.8431983043786
19,9,3.055221979207472,16,19,Other,30,Kentucky,1,1002.9199523934187
125,11,2.397056109515761,56,98,Other,34,North Dakota,0,2066.1463674452116
158,1,3.188408990194658,20,69,Male,39,Utah,0,1007.8681752485577
139,8,2.3387717286866434,4,5,Female,32,California,0,833.5610779913972
17,16,3.17770958374535,16,81,Male,30,Georgia,0,1604.208030929994
36,6,0.4272240537728328,30,38,Female,39,Idaho,0,1159.2700100747256
178,5,2.035493081522449,5,97,Female,29,Hawaii,0,1110.4816199190473
13,13,3.58113114810787,25,38,Female,31,Pennsylvania,1,1363.3581347036713
357,8,0.1258905995649983,25,87,Female,39,Wyoming,0,1444.8506442111095
77,9,4.17567148745994,16,51,Female,35,Mississippi,0,1156.4713200088372
68,7,3.9994547209224542,26,83,Other,31,Wisconsin,0,1360.0151502598362
210,18,2.7122060881478074,64,95,Other,34,Louisiana,0,2347.152735020417
33,8,3.637636502971232,60,66,Other,33,Louisiana,0,1631.3656889520962
295,17,2.67900657714893,48,73,Male,27,Tennessee,0,1938.205041997434
49,15,3.7585269803698673,3,6,Female,35,Arkansas,1,1153.9515066521221
54,5,3.254954895731541,24,51,Male,29,Oregon,0,996.727375808262
223,8,2.7926206483153244,6,30,Other,31,Utah,0,889.2573353497123
232,18,2.522913625506824,20,73,Other,37,Massachusetts,0,1896.9730709567511
16,17,2.859522606215277,1,27,Other,39,Oregon,1,1393.790166228573
289,2,3.890734721370114,23,67,Female,34,Alaska,0,940.8565061496313
86,13,3.3070012766428,2,6,Male,39,Washington,0,1046.8755285611724
328,4,2.4666713918085814,41,50,Male,39,South Carolina,0,1236.9016751402264
175,11,3.2932990287394697,23,54,Male,34,Colorado,0,1395.2809453073196
224,2,3.644848816494604,17,64,Male,25,North Dakota,0,899.2939836581224
115,4,4.601143506771471,37,59,Female,26,Oklahoma,0,1167.0408676573593
285,17,2.333044293569661,38,49,Female,39,Nevada,0,1809.010805334065
242,8,3.849456487945833,8,17,Male,34,Utah,0,896.2761402090879
196,17,1.1920294048383515,13,55,Male,33,Florida,0,1537.032097854492
142,3,0.516816706704442,42,99,Female,32,Washington,0,1395.2387705966303
175,10,4.662921834456612,13,22,Male,26,Arizona,0,985.3829623045101
185,3,2.468951808398964,38,40,Female,27,Arkansas,0,962.8822971687964
336,12,3.1530606430765182,13,81,Male,36,Indiana,0,1532.3307488535781
303,18,4.550820655121799,15,94,Female,29,South Carolina,0,1820.332825839
10,9,0.315343494574163,2,37,Female,31,West Virginia,0,933.9323003087558
346,15,3.751872423465592,25,55,Other,34,Georgia,0,1613.942059835638
264,5,0.6171810232206048,20,62,Male,39,Georgia,0,1238.62502554318
125,18,0.5099368390134673,16,54,Other,29,Missouri,0,1725.1196047089477
285,11,1.0903088361673,24,44,Other,32,Texas,0,1373.122768657946
29,17,1.056610665977056,10,11,Female,39,Washington,0,1333.5964080591566
148,12,3.0798951572686653,1,7,Other,25,Virginia,0,846.2026591014197
156,5,3.0053674278579754,12,69,Male,37,Louisiana,0,1120.5344050116828
270,15,0.9825091018844024,33,52,Male,35,Delaware,0,1646.0614856157197
168,7,4.899533982893224,38,76,Female,27,California,0,1291.2049453919442
51,11,3.080258709640899,7,17,Other,33,Oklahoma,0,979.1741243386398
56,5,2.3970469821532987,54,83,Male,37,Florida,0,1506.794663181373
87,19,3.873315687684807,20,26,Female,37,New Hampshire,0,1719.688622401587
196,1,3.1541275167069904,2,4,Other,29,New Hampshire,0,334.56250054637434
262,4,4.916267554604013,64,92,Male,38,Illinois,0,1619.8157567705427
145,14,0.843544457010258,37,54,Female,34,Nevada,0,1720.6699842061585
338,7,4.395391259129498,24,47,Other,25,Wisconsin,0,1066.580298599068
170,12,1.286033529702396,51,55,Male,30,New Jersey,0,1700.2827253680593
59,17,1.902394937107495,10,39,Other,33,Indiana,0,1482.0619748047654
317,7,1.6898320220393397,37,80,Female,29,Vermont,0,1414.4170983460658
291,4,1.9826810757815048,12,42,Other,32,Alaska,0,853.4269844167006
222,7,4.542459626368811,28,75,Other,27,Minnesota,0,1361.327333584557
305,1,4.372295922418266,32,54,Female,31,Alabama,0,968.0440892997274
138,18,2.8895767699551604,21,84,Female,27,Alabama,0,1737.5986751729736
276,5,1.2839981872231616,8,20,Male,26,Illinois,0,739.3070601372729
101,7,0.122521920715441,22,70,Female,34,Ohio,0,1312.1184956238233
219,3,0.5504512122772934,15,34,Female,33,Nevada,0,840.8538411085112
341,6,4.220709261325602,6,15,Other,29,Florida,0,778.320741893252
222,16,3.4623020585965127,9,12,Female,25,California,0,1153.279866575282
139,19,3.0696900295581258,29,42,Male,26,Louisiana,0,1725.1469464661552
285,10,1.4208554075952682,56,60,Female,35,Utah,0,1645.781254883901
229,2,2.536192612918459,4,22,Other,38,Louisiana,0,589.3868784297883
196,2,1.5042166068009963,34,62,Male,38,Ohio,0,1148.619568245211
24,13,3.442398796451829,29,50,Other,33,Alaska,1,1526.9922169441388
243,10,0.1896344682791759,5,7,Female,26,Nevada,0,854.293287773134
53,8,1.5471405336939956,4,20,Male,37,Oregon,0,851.8316883021564
4,8,3.088602595257575,61,61,Female,39,North Carolina,1,1748.6158789844808
297,18,0.4475257492211129,37,99,Other,30,Texas,0,2114.353952048883
111,2,2.5620064924142323,28,46,Male,36,Louisiana,0,982.9489050795752
159,3,3.149369705261292,34,35,Male,26,North Carolina,0,870.1300791613762
109,19,2.014425424551099,29,30,Male,32,Florida,0,1691.2879814234386
193,3,4.245975101193356,12,54,Other,39,Virginia,0,898.8371179031851
327,7,0.248035931195654,42,93,Other,27,Nevada,0,1459.0087462735764
316,4,1.7242572123694708,26,68,Female,39,Arizona,0,1254.4610323391291
278,4,3.650846405809411,23,67,Female,28,Arizona,0,987.8989254972219
200,8,4.8376915627220285,47,64,Male,30,Mississippi,0,1484.0763557687633
263,8,4.469471532078081,43,43,Female,28,Illinois,0,1283.5498878309375
87,17,2.804735245226289,51,64,Other,34,North Dakota,0,2059.3144354946926
305,10,1.8427199080669203,13,56,Other,32,Pennsylvania,0,1256.5076640603497
278,18,0.8573853635847473,26,35,Other,35,New Hampshire,0,1701.5515262374868
106,1,2.4120741928268443,3,7,Male,29,North Dakota,0,370.85148714766785
274,7,3.4569864985802083,27,54,Female,31,Ohio,0,1181.6719958129156
34,18,0.8486722245264351,43,88,Other,39,Iowa,0,2184.004774723161
111,2,0.9721951984210204,4,8,Female,27,Tennessee,0,549.5815568579219
330,19,3.2265397648872622,8,30,Male,31,Vermont,0,1529.7807850277268
190,1,2.0442994290183494,3,40,Male,26,Rhode Island,0,492.9762175533944
273,4,3.390554349656302,4,16,Male,32,New Hampshire,0,683.1702581870113
197,3,4.194363958911928,22,57,Other,27,Tennessee,0,948.1699805026677
344,2,4.4782233047937,29,45,Female,39,New Mexico,0,1047.2570405298416
262,12,1.709574635525538,34,95,Male,35,Oregon,0,1740.499777148508
127,9,3.64022041664077,3,72,Female,39,Idaho,0,1206.6600947912589
358,5,0.5001095003383228,34,40,Other,35,Oregon,0,1167.1536945610997
342,2,1.3082920199438737,1,52,Female,33,Connecticut,0,791.054447119582
280,7,1.048382168098358,9,26,Female,30,Rhode Island,0,821.4076043376102
352,7,2.668204726801363,25,48,Male,25,Montana,0,1134.865415382032
90,16,4.298701404437296,53,96,Female,27,Nevada,0,2042.6208727139042
207,5,4.338152388314078,4,46,Female,34,Montana,0,875.2719170127566
297,15,0.5856660354733497,14,16,Female,25,New Jersey,0,1198.3159435043153
145,1,2.7730947619303734,41,53,Other,39,Hawaii,0,1164.8923689431883
304,13,3.1935263059288594,36,84,Male,32,Maine,0,1742.7669567260366
28,11,2.8717397738218957,21,94,Male,39,Vermont,0,1663.8799541263559
302,12,0.9474305076337266,10,17,Male,30,Florida,0,1106.4775803255911
155,10,1.7475063508812505,1,1,Female,34,Arizona,0,871.5804109172332
290,17,0.164007013764342,22,24,Female,28,Wisconsin,0,1484.59584075431
140,11,2.912705464184372,25,83,Female,38,North Dakota,0,1632.545405704645
34,1,1.2651181808966716,30,31,Other,31,Texas,0,804.7816192769849
101,6,4.968558771327034,50,58,Female,32,Wyoming,0,1383.2274045126176
364,3,2.8010734245435693,2,84,Female,37,Maryland,0,1008.5454068962833
346,19,3.2127115560728217,79,89,Male,39,Massachusetts,0,2593.476374149279
329,12,0.8721273907684524,10,17,Other,34,Massachusetts,0,1171.5790907902906
329,5,1.215812238838823,62,63,Female,38,Nebraska,0,1576.5099396207156
120,11,0.4942402916820543,3,92,Male,26,North Dakota,0,1329.3161972175956
192,19,1.422320233769639,43,51,Female,27,Kansas,0,1777.4933856803643
275,8,1.636849675265486,35,80,Female,31,New York,0,1488.6862351267953
288,8,0.7142465044008851,8,59,Female,33,Missouri,0,1045.4130856101087
2,13,3.349607747789727,10,72,Female,30,South Carolina,1,1334.165282459786
356,19,4.8484641440838265,29,61,Other,39,Georgia,0,1865.7692427885188
356,8,0.1753027138791147,73,82,Male,29,Nevada,0,1872.9532790048006
286,13,0.4553558694880893,15,15,Male,26,Michigan,0,1179.18918025621
16,1,0.5843281945116237,24,27,Male,26,Oklahoma,0,630.808473970379
175,9,3.9138309612076094,26,69,Male,29,California,0,1351.739627998814
317,5,0.5760294443542933,4,4,Female,25,Illinois,0,542.4501001067106
204,9,2.392995331697353,32,36,Male,27,North Dakota,0,1202.5997604341762
356,17,2.537597823991915,3,3,Female,28,New Hampshire,0,1213.341094537125
95,6,3.534123602997176,17,40,Male,27,Indiana,0,899.8922117670505
318,10,1.9927899978046533,5,59,Female,35,Maine,0,1229.4962858587487
80,16,4.331633372201824,98,98,Other,29,Vermont,0,2689.0311668193062
12,17,1.6935428620165531,27,96,Other,37,Delaware,0,2012.2255953868257
26,16,4.906970917522015,69,97,Other,33,Alaska,0,2325.4741876173975
194,6,2.5174033460158807,19,32,Female,28,Vermont,0,963.8519938065136
183,5,2.8983506899665583,6,55,Male,33,Idaho,0,839.8039499166272
332,7,1.7604914742782225,55,94,Female,37,North Carolina,0,1748.5624365885767
111,6,2.1811318483402564,75,77,Other,27,Oklahoma,0,1691.080845233435
255,17,4.555391071122169,10,16,Female,27,Illinois,0,1292.50161115345
22,14,2.638434008220313,6,83,Other,35,Arizona,0,1509.214508760733
206,18,2.570753243513856,7,88,Male,31,Washington,0,1743.9458431859211
138,7,4.296379196098108,3,44,Female,25,Hawaii,0,806.402926154407
48,17,0.4467691175084618,22,41,Male,38,Maine,0,1656.4982501613283
147,16,3.6045984544382503,2,57,Female,27,Washington,0,1393.573873186929
85,18,3.578885426679778,42,61,Other,27,Maine,0,1914.6744192931078
296,16,3.5315364604609853,59,59,Female,33,Mississippi,0,1938.8769960787993
363,9,3.5209109322818835,11,13,Female,30,Maine,0,879.6263013653409
305,14,3.1312432145407483,72,93,Other,26,Louisiana,0,2179.9185095029834
111,17,3.912444145859895,40,47,Male,31,Kentucky,0,1893.1716366789055
168,12,4.287334060048135,20,21,Female,32,Idaho,0,1237.032943635768
346,10,4.373307458714771,62,86,Male,26,North Dakota,0,1721.239289090327
75,7,1.4134160822423465,2,3,Female,28,Georgia,0,687.7226584297046
288,19,0.9042150689886356,34,74,Male,34,New Jersey,0,2026.33020581213
60,3,4.505712539201999,4,7,Female,31,New Jersey,1,622.8073952156385
141,11,2.6057885744387503,16,92,Female,30,Arizona,0,1499.3103115202266
139,11,0.2513200473640173,8,34,Female,37,Alaska,0,1153.975626905812
114,7,2.261570599848778,4,81,Male,32,Massachusetts,0,1069.4507477056404
11,16,2.9352045736426637,15,26,Male,37,Oregon,1,1346.718278076421
333,15,4.1808705803254,31,87,Other,30,New Mexico,0,1789.780817592035
278,11,4.791442040781048,87,96,Male,25,Florida,0,2103.693174534389
90,17,1.799404655604269,90,91,Female,29,North Carolina,0,2552.495697192189
343,17,1.3193162882046978,11,20,Female,38,Michigan,0,1400.6377495694044
353,12,3.409472342229844,9,9,Female,29,Minnesota,0,985.2314001284105
195,13,2.69414351907666,5,68,Other,31,Ohio,0,1359.3829962962666
25,11,1.853607959830556,30,50,Other,28,North Carolina,0,1353.8444100408678
157,11,1.2911971174273604,1,62,Other,32,Missouri,0,1212.9176130259589
302,14,0.6711819647079453,15,38,Other,26,West Virginia,0,1265.246752278484
16,4,1.4651631981143565,32,88,Male,33,North Carolina,0,1290.0576139309267
345,4,4.565831767638749,2,6,Male,30,Delaware,0,518.9033856459573
129,15,2.0701443800540207,2,45,Other,39,North Dakota,0,1395.4472104383271
186,15,2.9523602772571302,6,27,Female,31,Indiana,0,1296.7285996446167
148,10,3.275389393210579,36,95,Male,28,Maryland,0,1598.5178821590885
117,12,1.3321331324582082,79,81,Female,27,Mississippi,0,2154.214553708277
205,3,0.3697944586039179,29,51,Other,29,Michigan,0,997.70442843865
218,12,2.718897769066929,29,81,Male,35,Minnesota,0,1659.8371518151243
34,9,4.957935069968618,46,81,Male,27,Minnesota,1,1638.8329176152888
119,16,1.8027479824519532,5,12,Female,25,Vermont,0,1142.285564215306
29,19,0.5872485997665501,22,57,Other,35,Connecticut,0,1743.0732945674636
231,11,3.0120955205362336,20,37,Other,36,Arkansas,0,1229.2533263917067
273,19,1.7703599393723095,4,8,Male,37,North Carolina,0,1412.3564089765227
24,18,2.9882776700017484,15,36,Other,34,Ohio,0,1622.7624299465335
208,11,2.710427581343102,32,87,Male,30,Idaho,0,1566.9519466254687
311,19,3.86067437093484,7,24,Male,39,Iowa,0,1553.9467231406456
341,17,1.4770712413057046,5,9,Female,39,North Dakota,0,1229.1739348434194
54,7,2.3302399769939988,40,59,Female,34,New York,0,1366.0319036236917
288,11,3.838749436622789,9,9,Female,39,Montana,0,1125.5685252860803
12,15,1.6640326896531654,7,7,Female,26,Texas,0,1181.320443277081
22,6,1.377674855201789,7,32,Male,34,California,0,842.2439545972927
12,12,4.550572674860958,5,18,Female,36,Indiana,1,1108.0452800030384
302,4,1.9488408659001195,16,70,Male,32,South Dakota,0,975.1253878445395
69,13,4.629074915448515,43,48,Other,25,Wisconsin,0,1516.2307893747147
285,16,1.66532777879679,76,78,Female,29,Michigan,0,2257.9044562974505
268,3,2.753397503754851,6,49,Other,31,Vermont,0,787.0351531029846
135,11,0.97110195467308,30,33,Female,28,Rhode Island,0,1329.0036371423782
57,11,3.781380261489031,1,1,Other,34,Kansas,1,862.8629654939848
129,7,0.4739263503456961,12,26,Other,27,Indiana,0,823.8090829919599
301,3,1.376663838080156,1,66,Female,38,Missouri,0,930.8986039952482
103,17,1.0144643505121922,40,90,Female,34,Alaska,0,2098.663355589539
259,9,4.876050217068596,15,28,Female,38,Illinois,0,1216.0018790631984
316,16,4.22603775225455,31,58,Other,31,Wisconsin,0,1701.9784733711026
256,8,2.568613568252632,5,8,Other,33,Ohio,0,770.9348944643823
128,14,0.898489757256802,2,85,Female,36,West Virginia,0,1477.4025749201994
364,2,4.55605115400526,5,69,Female,33,Oregon,0,786.0573903125944
324,9,2.664760056250928,36,42,Male,31,Idaho,0,1306.3248165150198
219,1,2.66135705704964,27,30,Male,35,Tennessee,0,842.7803709700967
88,17,3.620716825112008,16,17,Other,37,Connecticut,0,1403.0586441070907
105,6,3.5105620016899994,1,2,Female,31,Ohio,0,649.4702415074491
49,4,2.219395188994552,12,24,Female,28,Alabama,0,720.5063247892953
11,17,2.1768089997754645,30,53,Male,39,Pennsylvania,0,1757.6397107713715
44,11,2.6598858628210253,5,19,Other,34,Washington,0,1111.6867153875703
313,1,0.4102203776515996,3,18,Male,25,Ohio,0,447.6421322287945
345,10,1.575760230159822,17,49,Female,38,Oklahoma,0,1320.0496796166126
70,5,0.1115902875201781,47,52,Other,38,Illinois,0,1395.7349714219122
244,1,4.977384627442701,1,4,Male,28,Minnesota,0,277.02007335437827
40,2,0.7351968400258233,1,1,Other,25,Texas,0,288.9816712348386
32,11,0.7967334882241235,35,44,Other,26,Tennessee,0,1348.335368194448
55,9,1.9168076288320264,69,69,Male,37,Mississippi,0,1834.6011714702306
88,5,3.936717441799978,33,44,Female,29,Florida,0,1139.201046113608
15,14,4.046173737732864,16,38,Female,31,North Dakota,1,1299.938448339103
333,8,0.5814709323745537,3,30,Male,35,Texas,0,889.8399675781263
326,7,4.3748670405513455,1,25,Female,29,Connecticut,0,722.3877343166024
177,12,2.017740039537743,1,6,Female,28,North Carolina,0,875.0793860091729
276,17,0.998140252792144,14,40,Male,27,North Dakota,0,1375.4534126615652
125,15,0.4529368286672228,14,44,Male,27,Connecticut,0,1400.95575671009
312,15,3.263468045049654,25,81,Other,37,Indiana,0,1701.773140437257
27,8,2.921071291036135,6,6,Female,31,Texas,1,804.85964470672
104,12,1.1379549966325833,78,82,Female,32,Kentucky,0,2176.0625818389453
43,7,2.720225228957495,62,62,Female,30,Florida,0,1676.1672208848904
46,18,2.752314908871156,25,91,Other,26,North Carolina,0,1829.7266688664831
65,10,1.3812781944799422,43,47,Other,28,Vermont,0,1464.6434394101184
291,6,3.2366642504040413,67,74,Female,27,Oklahoma,0,1695.245104582899
224,10,3.2307479490171787,26,36,Female,26,Arkansas,0,1193.8884412390175
110,2,1.5488630892081312,18,31,Female,38,Alaska,0,812.56018502556
131,7,3.344261030263544,48,64,Male,30,Ohio,0,1409.9930437673909
21,16,2.6940598408968834,22,60,Other,32,Maine,0,1641.7886698145337
346,19,0.472412273298571,19,29,Female,26,Hawaii,0,1557.6748577582337
245,7,4.280138472899049,17,30,Other,28,North Dakota,0,995.3996292020163
59,6,3.5543759826415005,28,69,Female,28,Alaska,0,1222.4719245583647
292,15,3.0570481778791705,68,89,Other,37,Florida,0,2234.5221635687785
157,11,2.0503994077223258,4,6,Other,38,Massachusetts,0,930.9056246208279
250,3,4.028803562248464,31,33,Female,29,Utah,0,928.1577544600603
188,4,4.23197321911004,47,47,Male,26,North Carolina,0,1128.832797635662
346,17,2.45357637117588,9,14,Male,36,Colorado,0,1317.5381299643796
96,12,4.950454305092022,3,75,Female,34,Tennessee,0,1337.6923084794673
338,16,3.223276016582086,1,5,Female,33,Florida,0,1183.9878439276026
71,16,1.3291591756992196,35,86,Other,29,Arizona,0,1947.4498821579307
322,15,0.3965701853494582,1,93,Male,29,Connecticut,0,1498.429817863218
206,16,0.2317145711938344,3,4,Male,39,Maryland,0,1206.3012768749409
358,6,2.186679052237252,25,79,Other,26,North Carolina,0,1246.7569528652439
101,7,3.893944594191826,50,92,Female,39,South Dakota,0,1798.4352408151167
232,15,2.069272276099809,68,68,Male,36,Missouri,0,2205.6685044936185
331,5,1.5241569475863534,11,26,Female,26,Virginia,0,718.6111681650518
349,19,1.2255698020507442,25,30,Female,39,Massachusetts,0,1731.896546697894
237,10,2.5241925297952137,83,89,Male,26,Florida,0,2019.15162325831
188,14,2.199917624373357,82,97,Male,28,Rhode Island,0,2265.5014282538186
240,17,0.4064207207851833,61,61,Female,34,Mississippi,0,2147.328349974049
224,6,2.7313346051613108,17,49,Male,28,Iowa,0,954.1172890406401
25,19,2.166402466960268,38,98,Other,35,New Hampshire,0,2181.8894579660946
3,6,2.8631056399125745,17,69,Male,37,Kansas,1,1166.6919987457168
103,19,1.785388089782969,3,43,Other,34,Idaho,0,1519.0416488546257
188,5,3.1246507813552014,46,85,Male,26,Michigan,0,1382.1767713370975
65,14,2.174465183050762,42,45,Male,30,Wisconsin,0,1694.8321014401401
344,2,3.3411102676383404,35,69,Male,28,South Carolina,0,988.916832024154
10,17,4.492120519392811,3,38,Other,38,Louisiana,1,1472.5497571365422
130,15,3.63986352072952,53,81,Female,25,Tennessee,0,1900.7574130340752
184,8,2.36368144713302,63,90,Male,26,New Jersey,0,1813.029509744279
243,7,2.9870097257131496,37,75,Female,35,Nevada,0,1532.0059038168133
170,18,0.4268598992861546,32,68,Female,38,California,0,1982.7846879124977
203,16,2.8731721337660887,20,20,Female,35,Montana,0,1505.4514430324307
354,8,1.018366260695596,68,93,Male,29,Washington,0,1812.3554699240049
264,10,4.533261748644739,8,38,Male,26,Washington,0,1016.5731589086047
7,15,2.335273088758611,39,56,Male,34,Nebraska,0,1791.577330020961
85,2,4.294806874985498,8,41,Female,35,South Carolina,1,744.3622797933841
342,13,1.2340077604458544,57,90,Other,31,North Carolina,0,1989.4552857384328
287,8,0.7056489633191332,59,84,Female,26,Vermont,0,1669.0101695692454
34,17,3.225647401625582,14,38,Female,30,Florida,0,1510.339358466026
210,19,1.7646244792004786,45,72,Other,36,Indiana,0,2071.842814480785
273,6,3.1343372046095466,4,66,Female,35,Montana,0,982.4778223983259
309,15,2.1214509415602354,38,96,Other,34,Oregon,0,1964.4062340679782
256,14,1.6781462292850704,59,78,Other,38,Wyoming,0,2041.1684712940967
246,16,2.8483143592210456,5,6,Female,28,Kansas,0,1181.8223137034042
354,17,0.6805569615466324,7,7,Other,32,Montana,0,1222.1924854850567
26,12,0.4372905065551984,9,14,Male,31,Oklahoma,0,1070.15905420553
172,10,0.9072616803582818,2,42,Male,28,Missouri,0,1060.1138372486826
198,10,0.3775763483674648,49,55,Male,37,West Virginia,0,1642.3269149975788
260,3,4.998103647089983,25,42,Female,33,Mississippi,0,854.6804104589709
268,4,3.001412909133798,11,22,Other,32,North Carolina,0,846.6716615698218
189,16,0.1682805097147131,2,84,Other,31,New Mexico,0,1531.7988917319983
177,11,0.8877289375010092,38,76,Other,25,New Mexico,0,1582.8589370742775
134,13,3.900964065835987,20,36,Male,28,Montana,0,1387.0265025493313
61,5,1.9680493702043085,75,79,Male,36,Alabama,0,1894.2106953539
67,5,4.185000951847083,16,43,Male,27,Wyoming,1,964.5730455783
229,13,0.2225826656270745,22,63,Female,26,Connecticut,0,1389.6726254222026
65,10,0.2084700011808646,57,65,Other,39,Indiana,0,1845.4781292445593
305,19,4.580830874767253,16,95,Other,32,Virginia,0,1978.009184098097
135,16,3.232299549650986,16,42,Male,35,Hawaii,0,1459.7278029384863
1,14,2.185754357301488,1,1,Other,33,Hawaii,1,1055.9175333702142
238,17,1.9286601840600384,68,69,Other,36,New York,0,2189.797687707208
241,6,1.6903843138045187,13,67,Other,30,Minnesota,0,1099.7630693147137
151,9,0.6575767140008493,45,67,Male,31,Kentucky,0,1533.487233417439
342,11,2.3292640329739367,1,7,Male,35,Connecticut,0,959.6724338310572
120,10,2.742919868357876,25,39,Female,32,Virginia,0,1338.3448752086692
324,8,3.792443097295094,64,83,Male,26,New Hampshire,0,1727.7264938121075
239,14,1.150041399770287,34,37,Male,25,Washington,0,1504.750323791121
246,9,1.149204727099853,37,40,Female,25,Tennessee,0,1241.81657039202
232,6,4.149999337774791,47,52,Other,31,New Jersey,0,1319.247564097574
31,17,0.9381072479161874,29,96,Other,30,Alaska,0,2012.6827371182483
324,1,4.635332538608216,26,65,Female,38,Texas,0,1005.2244611029095
9,9,1.509028083762113,26,31,Male,29,Rhode Island,0,1124.4385592097988
125,9,2.4601125791832192,1,4,Female,38,Massachusetts,0,836.4641992801005
85,9,0.4739288681638862,8,25,Male,25,Illinois,0,871.8841751299586
328,1,1.197297237614782,35,92,Male,35,Michigan,0,1153.7293662330735
238,16,0.6576700548850373,2,9,Female,28,Georgia,0,1161.3622710015893
235,16,2.285173954024011,9,68,Female,27,Delaware,0,1451.6176442629296
176,14,1.6959029124550788,21,70,Female,26,Oregon,0,1509.388007402236
143,15,2.077308914519589,18,55,Female,27,Washington,0,1537.3391861352877
211,14,4.537555236373869,2,49,Male,31,Arkansas,0,1316.2479512794134
141,18,4.986494703224931,23,67,Female,37,Kentucky,0,1843.0373660165717
117,6,0.6722551663905186,5,37,Male,25,South Dakota,0,770.9000968068204
16,8,4.750981159442405,7,27,Female,25,Florida,1,861.7367328565357
308,16,4.918562050482054,39,77,Female,26,Arkansas,0,1791.1761088566936
13,14,2.7450235645591903,54,80,Other,30,Wisconsin,0,1852.101501746664
320,7,3.162307767424418,6,8,Other,29,Oklahoma,0,834.5050331866842
33,16,2.046077051963325,32,72,Male,35,Pennsylvania,0,1800.907843695587
260,13,2.6375680058734945,47,68,Male,29,Illinois,0,1781.8911236495192
194,10,1.2284689743143098,79,89,Other,37,Iowa,0,2168.9009949856445
35,17,3.662213116873711,2,3,Female,32,Louisiana,1,1181.365375241785
91,8,2.651562896670075,14,79,Female,30,New Hampshire,0,1231.3682963044118
252,5,0.8861043854590103,9,31,Other,30,Washington,0,796.8304833002147
353,19,1.990751158092228,54,74,Male,33,Georgia,0,2223.97980628565
14,5,1.204527086709107,11,32,Female,37,Montana,0,931.5894588223654
202,8,2.209507512282108,6,71,Other,27,Alabama,0,1122.7469755139782
169,12,2.1738198999394847,4,7,Other,25,West Virginia,0,1010.1188487802135
257,7,4.968061918120247,13,60,Female,25,Montana,0,1079.4362524259486
80,6,1.4625375221436585,9,24,Male,30,Oregon,0,804.0792009658339
49,13,2.1282920517244617,3,6,Male,28,Missouri,0,982.6748583864454
275,1,1.1559918315006164,59,63,Other,31,New Hampshire,0,1257.8449452002194
48,16,4.75076939227383,4,67,Male,39,Missouri,1,1565.6877007821076
150,18,4.97888788623764,10,16,Other,30,Virginia,0,1453.095696375066
91,16,3.5694101012924797,3,4,Male,33,Oregon,0,1161.6626357524478
291,18,1.5637402048105309,42,98,Male,38,Michigan,0,2207.901813542658
3,7,4.783010754444053,35,63,Other,29,Iowa,1,1241.9889344892927
240,1,4.837798292992282,10,19,Other,29,Kansas,0,629.9619811902232
268,12,4.766238525566052,54,78,Male,27,Missouri,0,1789.063848184632
31,8,2.68119123220253,23,63,Male,34,New York,0,1177.5339883645074
127,16,3.170834595383584,6,39,Male,33,Arizona,0,1365.673241120851
149,14,3.57385644300922,4,26,Female,31,Delaware,0,1130.062956592673
125,18,3.0399853093436904,1,21,Female,35,Vermont,0,1463.3110786156997
138,1,2.016804279699742,1,38,Other,32,California,0,554.0925650037138
212,7,4.037811604458992,7,7,Other,29,North Carolina,0,809.8031445167956
272,17,2.2477640667808245,68,72,Other,35,Wisconsin,0,2284.445103171921
198,1,3.623014730947813,8,21,Other,35,Alabama,0,625.9851795214013
304,15,1.7234612725327592,3,4,Female,31,Kansas,0,1127.0472628820366
88,3,1.1690463282167585,20,85,Male,27,Vermont,0,1025.0397270379328
170,11,1.268582461399714,13,16,Female,39,Kansas,0,1102.97627698614
166,10,3.1977483561806155,8,76,Other,27,New Mexico,0,1194.8527939625287
134,17,4.681998423560561,13,24,Female,26,Oklahoma,0,1303.9751028401377
225,5,1.3299002260325612,91,97,Female,30,Massachusetts,0,1930.7695463821112
163,6,4.182136071528928,58,67,Male,38,North Carolina,0,1617.4930732915038
295,2,2.966359324940504,5,78,Male,33,Ohio,0,884.0256284315824
216,6,4.705888182537558,38,61,Other,25,Tennessee,0,1273.3647301711717
138,6,3.76286129359944,41,60,Male,29,New Hampshire,0,1294.6398681124228
130,3,3.537199871016742,3,36,Female,31,Louisiana,0,716.8101411443217
234,17,2.0305600183198176,10,31,Other,35,Kansas,0,1453.8978351420162
202,16,1.6530342643773144,1,2,Male,27,Vermont,0,1094.024519620948
272,12,2.0121545367805544,7,45,Male,26,Connecticut,0,1148.0902398013304
38,5,2.3824125390040587,38,52,Other,30,North Dakota,0,1207.1876651439363
198,5,4.209349151204897,53,97,Male,39,Hawaii,0,1647.9189657154936
40,4,2.224381147613718,3,17,Male,37,Missouri,1,631.571113126909
334,4,2.960714230434551,30,37,Female,25,West Virginia,0,959.5091511324551
276,5,2.92481178174374,14,44,Male,28,Rhode Island,0,823.5812572559819
246,1,3.56981685683844,2,4,Female,37,Maine,0,476.1458673117137
277,11,2.6723095345051417,8,8,Female,33,Texas,0,1057.1949200197441
90,9,0.9904427633498198,11,16,Male,35,New Mexico,0,945.8172622502356
252,12,1.4708619549335726,11,31,Male,29,Pennsylvania,0,1116.8479094338204
36,1,1.3880326838484525,8,24,Other,34,Virginia,0,639.8549115066721
10,9,1.9388704035218107,11,42,Female,37,South Dakota,0,1141.4573926080006
348,10,3.6025660587248294,35,75,Female,27,Alabama,0,1615.7623735000402
333,7,2.691925539167196,6,34,Female,33,Alaska,0,983.3236806351263
159,9,2.1931975244175725,1,1,Other,39,Utah,0,837.1116681645823
216,13,3.906494897885097,30,54,Male,31,Pennsylvania,0,1587.7153016551779
172,8,2.219471363722096,27,38,Other,38,Wyoming,0,1352.4435134701025
6,12,0.1322089239733259,15,42,Male,32,Utah,0,1301.9270808853455
333,1,1.8117905161790864,2,24,Male,37,Louisiana,0,542.2595961072003
342,10,0.2551049694525709,82,88,Male,33,West Virginia,0,2133.1830040800173
351,1,2.9329736193963134,48,83,Male,33,California,0,1305.2157170330283
50,9,4.299789854281443,13,52,Other,35,Arkansas,1,1185.4408292397397
54,19,3.25450362225336,12,17,Female,36,Iowa,0,1560.588152631304
88,11,3.3944156491565414,8,64,Male,25,Michigan,0,1184.0521009492154
231,2,4.794395565951218,87,87,Male,29,Maine,0,1781.0922685295795
13,11,2.8318983860350806,1,8,Other,34,Massachusetts,1,960.8218986186538
150,4,2.7652412905867507,27,46,Other,34,Pennsylvania,0,1132.6179375844424
190,18,3.9825897773677146,18,24,Other,28,Utah,0,1397.6778376200416
113,10,3.380445671976987,69,73,Other,36,South Carolina,0,1906.5978047059882
335,6,2.829313515177917,24,24,Other,28,Wisconsin,0,1006.4884910284043
321,7,0.402577353767889,2,9,Male,32,Kansas,0,664.9227325939476
217,19,2.761382100254377,12,72,Other,28,Pennsylvania,0,1596.2476725015133
270,2,4.315819288065941,1,67,Female,33,Iowa,0,844.6549594324838
280,11,4.2863092477446765,28,45,Other,34,Ohio,0,1389.8555718729267
363,3,2.0089618147534782,14,14,Female,37,Delaware,0,687.2776745394681
232,2,3.3104119639561658,2,2,Female,34,Montana,0,531.7027910525458
68,16,3.198918092147398,38,48,Other,37,Nebraska,0,1750.578573490931
42,9,0.3636944807279283,23,55,Male,31,Michigan,0,1261.4095709302942
238,8,0.1161950992133948,19,46,Female,30,Michigan,0,1060.75867738423
209,17,3.7207467049908622,23,81,Male,25,Montana,0,1727.1051111155841
326,14,1.409681074413037,57,59,Female,35,Texas,0,1964.9789145689113
308,10,1.4611112856950974,10,31,Female,35,Nevada,0,1147.5262606157596
233,17,4.914120644395391,23,27,Male,28,Missouri,0,1492.049339862282
50,18,4.870790973858944,56,59,Male,28,New Hampshire,0,2025.897600554988
22,4,2.7310757374948804,3,9,Female,28,New Mexico,1,629.2336669577969
345,14,2.853530611227944,65,71,Other,34,Connecticut,0,2051.0138344493307
73,12,1.8529236353873864,7,18,Female,31,Massachusetts,0,1084.3607667259653
62,13,2.857032712294453,3,30,Female,34,West Virginia,0,1161.2969528712238
259,7,2.237568077332741,1,3,Female,27,Nebraska,0,609.3940015787108
74,12,3.782753314059496,7,12,Female,26,Nebraska,0,1046.1430749473902
123,13,4.761862402610566,51,55,Male,27,North Carolina,0,1760.5062831611497
204,8,4.254955059350252,8,10,Male,34,Washington,0,907.7042841683055
206,19,2.1880455049388208,88,96,Other,27,Montana,0,2570.088608821642
16,17,4.571325212987658,5,8,Other,28,Nebraska,1,1251.3013450416815
259,10,4.623188916098981,77,90,Female,30,Texas,0,2072.144277765342
360,13,0.7116435058488664,10,32,Other,28,Oklahoma,0,1168.2379016154678
337,15,2.869286268096555,4,8,Male,27,California,0,1079.2549204837428
257,3,2.5283364738385856,31,41,Female,26,Oregon,0,954.8539158197686
230,9,0.1907806897595697,9,16,Female,30,Tennessee,0,948.7657822305116
304,19,2.8978852611520165,2,3,Other,39,Indiana,0,1445.4134601073129
16,19,0.361014646044743,3,24,Other,26,Missouri,0,1335.6481649513555
54,5,3.794737814469593,17,54,Female,39,Florida,1,1105.7503010818614
247,14,3.622882574199609,4,39,Other,34,South Dakota,0,1280.0617845163993
22,11,3.8298283941767193,29,44,Male,34,Maine,1,1457.2955791529514
171,7,1.2715123608545236,26,84,Other,31,Arizona,0,1372.8610443443988
244,5,2.6983767713206643,3,60,Other,27,North Dakota,0,849.6412288875396
23,1,4.175628791143535,1,2,Male,34,Arkansas,1,358.592425548928
102,3,1.825106490802956,64,83,Female,27,Maryland,0,1372.1148640130784
121,13,2.996471633255084,7,17,Female,34,Virginia,0,1161.9396321247211
137,8,3.232989116213313,15,71,Female,36,North Dakota,0,1234.4185543811095
6,10,4.59775518727838,21,26,Female,35,Nebraska,1,1139.3543447225143
56,6,4.059898926499888,15,48,Male,27,North Carolina,1,921.6925965270163
203,12,0.5637347991057451,3,15,Other,28,Louisiana,0,941.2365096774658
129,16,1.96117101630714,2,7,Other,26,Kansas,0,1102.3394092341537
360,18,4.767961442761076,29,37,Female,30,Louisiana,0,1656.6946766653516
176,10,1.4310493920424745,7,30,Other,36,Rhode Island,0,1004.3325397855491
351,7,1.234075836452856,45,67,Other,28,Missouri,0,1508.0612870660023
170,17,3.2952148927947698,31,98,Male,26,North Dakota,0,1938.0263586657388
264,13,4.082219149341745,2,70,Female,25,South Carolina,0,1317.747522540174
44,1,2.4671560656288865,24,41,Male,35,Vermont,0,910.3215444294497
228,17,4.157870301786216,5,94,Other,34,Massachusetts,0,1703.0659049884644
234,10,2.2161033394627405,27,32,Other,27,North Carolina,0,1234.9101808861299
186,4,3.750776556347301,1,26,Male,36,Wisconsin,0,651.7216871326752
22,5,1.341604641934849,20,21,Other,39,Florida,0,980.8644896978892
151,8,1.4615281036070649,10,83,Other,38,Oklahoma,0,1295.812745503592
52,18,1.653883190660881,18,94,Other,38,Iowa,0,2008.411242364072
305,17,0.4499632548523568,1,1,Female,39,Minnesota,0,1201.4368727691362
88,19,0.2141211018267257,51,71,Female,31,Hawaii,0,2147.7701552606077
92,4,2.207330229679497,6,24,Female,38,Arkansas,0,750.213475411725
299,9,2.7276226197015028,3,13,Female,36,Rhode Island,0,912.8718174803051
22,19,2.9172469156856384,28,38,Female,37,Montana,0,1820.683306184815
229,1,0.4215321426149085,85,93,Other,38,Kentucky,0,1771.700093826436
172,4,0.80636578248799,35,88,Other,33,South Carolina,0,1327.0887282880874
311,14,1.3432813495238032,79,94,Other,35,Idaho,0,2268.105278792549
353,6,1.5916070786514007,3,15,Other,35,Massachusetts,0,759.582283370998
221,15,3.1263783853148097,3,4,Male,31,South Dakota,0,1099.5150925342891
161,14,2.121095018489265,56,57,Male,37,Illinois,0,1954.8530436867536
175,6,3.1014804329928585,18,19,Other,35,New York,0,901.9992456610986
172,7,3.893138626040111,46,74,Female,33,New Hampshire,0,1518.887260367003
114,19,2.903026734107225,60,93,Male,26,New Hampshire,0,2338.2245854159196
210,17,1.1139350746139427,4,39,Male,34,Hawaii,0,1459.9117194355742
150,3,1.903906915332726,6,8,Female,27,Oregon,0,532.4313146331519
14,1,0.3687507184383547,43,80,Female,39,Georgia,0,1342.9497042577952
194,12,3.1968481252785383,12,23,Other,31,Michigan,0,1111.3730824197746
279,6,3.933976445609093,1,20,Male,30,Kentucky,0,724.7807412953208
19,9,2.3134899192174028,2,45,Male,36,South Carolina,1,1065.4907891155212
339,5,3.7904756975251432,6,91,Male,35,West Virginia,0,1139.3411181125302
102,14,3.5963693419755933,70,92,Other,38,Louisiana,0,2173.5321294474506
308,18,3.072331333824088,2,40,Female,25,Mississippi,0,1267.7743004577092
328,1,2.00212014835681,8,57,Other,25,Pennsylvania,0,655.9533133961554
98,5,3.657502927159821,39,83,Female,32,Connecticut,0,1346.217182842865
135,6,2.7314547092395034,8,73,Male,39,Louisiana,0,1123.0517019385352
205,5,2.07011883682205,68,73,Female,29,Wyoming,0,1516.9542701312807
167,6,2.5968847759391265,31,71,Other,31,South Dakota,0,1306.923361818623
16,10,1.83131654506796,1,26,Female,32,Hawaii,0,961.6968251917546
148,13,4.097033080398351,64,69,Other,32,South Dakota,0,1966.58993920123
85,7,1.6602238635614184,9,15,Male,32,Iowa,0,876.0444615462546
129,9,0.6220855816614291,19,58,Other,35,Nevada,0,1276.334318507401
70,4,4.454757265041029,69,77,Other,34,Mississippi,0,1633.961067244998
95,9,0.4776429882142531,59,86,Male,36,Alaska,0,1832.5587246422526
26,12,0.9416175055550148,28,40,Male,39,Illinois,0,1486.781668049415
304,7,1.0517028343525254,75,81,Female,29,South Dakota,0,1803.2627693201514
153,12,1.7082966114786278,36,66,Other,30,New Hampshire,0,1581.9303943675386
157,16,3.735428650573492,18,27,Other,37,Maryland,0,1489.4855133497404
182,15,3.9150128744281294,15,44,Other,28,Oregon,0,1474.5111813086614
150,19,2.8122885221037546,34,85,Male,31,Vermont,0,2043.286955386214
346,7,3.461418458875621,12,96,Other,34,Tennessee,0,1317.1422610751667
135,16,4.374861729721136,26,48,Male,31,Indiana,0,1665.2333575163786
177,4,0.9902220764447892,18,22,Male,37,Arkansas,0,875.0451534311239
163,11,3.018623067859192,2,65,Other,31,Oregon,0,1276.9465653174307
335,11,1.363130943800512,43,92,Female,31,New Mexico,0,1809.6676038447952
73,13,3.0116734030547745,89,92,Other,36,Nebraska,0,2456.6222472493323
30,13,4.967737228364859,13,27,Female,38,Iowa,1,1291.5729575893986
154,9,3.250813521421193,7,63,Female,39,New York,0,1162.3140536106444
39,4,1.2829511635606377,12,14,Other,32,Nevada,0,774.1889939729369
285,7,4.375285073464832,77,79,Male,38,Massachusetts,0,1931.9470411885752
222,1,4.0241261602941405,6,21,Other,30,Virginia,0,538.4495023739685
29,8,1.5392096112736455,49,87,Other,37,Utah,0,1745.633232101595
43,15,4.063666355062593,47,81,Other,26,New Jersey,0,1873.5714520322579
275,11,0.7686184952296946,3,9,Other,35,Vermont,0,1011.9209851048074
83,13,4.78292599437657,17,19,Female,37,Arkansas,0,1330.329554148768
155,7,3.178826038453309,44,45,Other,35,Mississippi,0,1388.9094060163466
333,13,2.5394488773856425,19,52,Female,39,Colorado,0,1476.4581565867102
301,3,1.1960831677180148,26,55,Other,35,Arkansas,0,1027.920296629173
351,18,1.835893895769996,56,90,Other,38,Indiana,0,2290.928173069002
123,18,4.383361593241257,3,4,Male,34,South Carolina,0,1263.751799194487
82,3,2.824580464845762,9,75,Other,38,Montana,0,972.2698332454594
134,15,4.432933375870848,33,54,Female,37,Arizona,0,1763.317479951762
14,7,3.887181959059212,92,95,Other,31,North Carolina,0,2046.295723486587
127,8,2.542586967354642,1,1,Other,37,Arizona,0,765.273364097633
131,8,0.6751669989685555,38,70,Female,38,Wisconsin,0,1472.8221153693178
32,9,0.1275318786293808,12,14,Female,30,Oklahoma,0,886.0208244846659
227,6,0.6265700312695411,20,23,Male,27,Oregon,0,897.5274089501798
211,12,0.4031871362482671,14,19,Female,27,Tennessee,0,1058.2061868695428
349,1,3.9386829481721377,14,94,Other,32,Hawaii,0,1012.3799425704887
349,6,3.1588265431169527,27,84,Male,36,Idaho,0,1403.652479725176
32,14,0.1853503950117479,65,76,Female,39,Missouri,0,2105.821173423292
211,18,3.962742842566437,13,56,Other,25,Indiana,0,1598.4375704238714
321,15,2.9900798841210725,82,93,Female,34,West Virginia,0,2335.401255558421
127,17,4.478445454004611,8,40,Female,37,Illinois,0,1486.6822409243455
206,15,4.698194243984439,6,90,Female,30,Kentucky,0,1537.325776156464
98,1,0.2886328609708602,40,48,Other,31,Wyoming,0,907.1754937808487
280,17,1.6094065025606443,6,47,Female,29,Washington,0,1433.9993388963153
25,13,2.782723495759239,28,46,Male,32,Pennsylvania,0,1502.928257981749
158,14,1.1180379357774668,38,43,Other,27,Pennsylvania,0,1625.8824710691895
134,3,3.654929129675177,72,99,Female,36,North Dakota,0,1697.014494894497
52,13,1.051171802102675,42,51,Male,35,Maine,0,1542.9501992276396
168,12,0.8199608500786307,3,71,Male,33,Kansas,0,1343.4366685976693
81,18,2.4185969759617905,22,80,Male,29,Hawaii,0,1788.1584871437888
149,9,4.432627319222053,40,89,Female,30,Delaware,0,1566.6366783482295
147,17,0.28682005488758,10,14,Male,36,South Carolina,0,1417.284152681105
278,7,2.3598033114115915,27,39,Male,37,Maryland,0,1141.0328094939446
154,10,4.758291013243048,54,92,Female,27,Delaware,0,1723.228659428587
171,3,1.5876670857233175,26,64,Other,35,Colorado,0,1091.9858867712828
273,15,0.5752920564620777,17,38,Female,28,North Carolina,0,1406.0475042172554
216,4,1.8694154214707492,12,36,Male,36,Ohio,0,902.8583128073492
99,9,2.229727495859276,14,20,Other,31,Mississippi,0,882.383548866434
316,9,1.021287636457021,39,70,Female,35,New Mexico,0,1561.3275083443623
295,14,1.3496953554986275,6,11,Female,35,New Hampshire,0,1145.9804091280953
268,7,3.432405254741131,51,96,Female,39,Oklahoma,0,1678.7483886049235
26,15,1.2338152151018136,42,90,Male,31,Louisiana,0,1894.8907685765998
302,19,4.4170856649133805,53,62,Female,38,Indiana,0,2119.778809473328
323,13,2.468608783688042,3,47,Other,37,Kansas,0,1339.027218890783
148,3,4.104944208597701,56,62,Male,37,Delaware,0,1376.7472470897967
229,13,0.8248555181660489,85,97,Male,34,Texas,0,2320.9846095283297
200,1,2.259937838066656,51,93,Other,27,Arkansas,0,1266.389944431091
41,8,0.4025087492631785,4,34,Female,29,Idaho,0,904.0146911770935
121,4,3.900627029415732,11,17,Female,28,Delaware,0,726.7779619990229
347,18,3.0632441708740448,13,17,Female,25,Kentucky,0,1348.0050322313543
207,12,3.3354923980226463,11,47,Female,27,Montana,0,1280.3482635318856
296,18,4.136915273179024,35,50,Male,38,Iowa,0,1943.3243251238862
87,6,0.6149688609779406,1,2,Female,35,Louisiana,0,791.6646228033882
16,8,4.991017455826914,1,88,Female,28,North Dakota,1,1164.7325393808974
122,9,0.6872147292662039,24,88,Other,38,Indiana,0,1541.4159882147208
277,15,4.271121844863883,6,8,Female,34,Illinois,0,1238.6901242258523
96,1,1.823118342279706,1,4,Other,34,Michigan,0,411.8062471085055
360,19,3.999166657328428,6,6,Other,39,Minnesota,0,1346.866056398998
46,16,2.1857571024374893,45,81,Female,26,Virginia,0,1943.332294562916
267,3,3.9048026971008234,71,82,Female,28,Rhode Island,0,1494.924827678078
29,16,3.915624254674057,23,33,Female,37,Arizona,1,1549.5046648068512
276,13,1.385152683976767,20,50,Female,29,Iowa,0,1419.0389126085813
76,17,1.7784311074537176,19,44,Other,26,Tennessee,0,1438.9694192625786
344,16,1.123811313463023,10,92,Other,37,Rhode Island,0,1770.2429256721268
303,2,0.3290203305926978,49,69,Female,39,Washington,0,1246.6534578561932
153,1,2.750318679026585,8,9,Male,39,Massachusetts,0,545.457762684222
192,7,1.5725037431675788,4,6,Male,26,Indiana,0,720.8843056931466
11,5,2.066026341965326,36,49,Other,39,Arkansas,0,1259.4446466724594
1,12,0.1013575758097393,21,21,Other,31,Massachusetts,0,1238.2803486788366
184,8,4.527068240925911,9,18,Other,29,Mississippi,0,928.820378207404
63,18,4.619389928900785,3,37,Female,32,North Dakota,0,1396.6696497086277
232,1,2.659172875619619,40,65,Female,30,Virginia,0,1074.0183268179928
145,16,4.003887864974908,51,83,Male,30,Hawaii,0,2108.3277323957373
10,6,0.8931051214717488,20,55,Female,36,Oklahoma,0,1113.355458754164
277,19,2.9956460090392456,3,9,Male,34,Massachusetts,0,1400.7037120170344
105,1,4.515612868148422,15,70,Other,28,Utah,0,944.456864782328
243,18,1.1705381796166636,54,56,Male,31,South Dakota,0,2023.8652077610182
267,2,3.542148903354825,18,51,Other,26,South Carolina,0,912.2664309466593
36,16,1.3219274002009624,13,32,Male,31,North Dakota,0,1472.4647463990916
277,13,3.4999721792838487,16,35,Female,39,California,0,1430.97779853432
240,6,1.4740952713186135,26,35,Male,25,Kentucky,0,979.4044786225312
211,18,2.918712021219564,21,43,Male,36,Alabama,0,1671.6431670100415
355,1,0.5560223397149268,45,76,Male,29,California,0,1229.41570238937
227,2,4.878410961277856,1,1,Female,25,Kansas,0,358.2021908269027
101,9,2.574190471932193,33,54,Other,38,Maine,0,1492.0269402343938
293,11,0.5975934505954302,47,82,Other,30,Utah,0,1684.7106305443212
324,14,3.31174520603083,14,73,Female,31,Kansas,0,1560.1277232128843
295,3,0.9587936964086634,39,44,Female,29,Washington,0,991.0716575297763
184,17,1.6695684903462484,1,14,Male,26,Alaska,0,1218.693473527264
302,8,2.7043342525581364,36,78,Male,36,Wisconsin,0,1499.477471566
118,6,4.661442570048454,11,14,Other,28,Michigan,0,774.1900221365465
346,8,4.292335401335553,4,89,Female,38,Kentucky,0,1240.9978026861677
266,10,0.6838916102116188,3,39,Female,30,Alabama,0,1127.4884191889487
313,3,4.6135848366923975,46,66,Other,35,North Carolina,0,1266.5140090916698
75,19,0.3708783658147727,73,74,Male,39,Kansas,0,2384.810714540105
338,18,0.3191861225271293,25,81,Male,30,South Carolina,0,1864.85577621722
288,19,0.9677599722117596,24,45,Male,31,Louisiana,0,1780.0401992961815
258,16,3.00877198402326,27,69,Other,28,Virginia,0,1757.6568109510665
215,3,2.969922342261426,24,49,Female,30,Mississippi,0,839.6009600816768
278,3,0.2136278464700154,22,64,Female,31,Montana,0,975.4430923522589
1,19,0.8708271776047478,29,88,Male,37,Wisconsin,0,2030.5819389944418
272,3,4.538715656958142,13,56,Male,30,South Dakota,0,873.9375166673127
23,6,0.814996693896611,9,17,Female,36,Minnesota,0,711.9372622938796
239,2,3.650104815309765,31,74,Female,30,Utah,0,1067.6040370481323
99,2,3.53163657453361,19,75,Other,35,Connecticut,0,966.5785361709319
262,14,3.894424785655717,20,30,Other,34,Iowa,0,1390.6040374065344
80,14,3.555483207418386,63,94,Female,33,Tennessee,0,2046.9420484740756
69,7,1.5691823536475562,79,90,Other,39,Delaware,0,1972.0189355159569
189,14,3.86948500379642,3,39,Female,33,Arkansas,0,1234.6698835499808
